clusterId,year,citations,versions,title
8066420215978626200,1915,601,1,Die feldgleichungen der gravitation
3304380016146467847,2010,802,50,f (R) theories
13236699625184555085,1995,649,8,Gravitation and inertia
14265606160750307633,2000,640,13,Millisecond oscillations in X-ray binaries
14110279249614759766,2002,340,12,Dilaton gravity in two dimensions
1887245510893068274,1982,312,4,Quasi-local mass and angular momentum in general relativity
1562411374718911369,1988,219,6,Higher-order relativistic periastron advances and binary pulsars
17345052744690172019,2007,161,6,General continuum mechanics
13505226937986080014,2005,115,5,Lecture notes on Chern-Simons (super-) gravities. (February 2008)
16591370746482138146,2010,103,55,The pioneer anomaly
6819705721538462045,1988,99,8,Spherically symmetric solutions of general second-order gravity
2073577407186785391,2003,1066,21,A test of general relativity using radio links with the Cassini spacecraft
5679112812587673136,2004,319,13,A confirmation of the general relativistic prediction of the Lense–Thirring effect
10247494253034349414,1997,301,7,Ring-laser tests of fundamental physics and geophysics
2080725945568323480,1998,213,11,Test of general relativity and measurement of the Lense-Thirring effect with two Earth satellites
1489993461186349819,2005,160,6,The reign of relativity: philosophy in physics, 1915-1925
10648730190837903444,1997,138,9,Behavior of cosmological models with varying G
4399704678323594501,2003,131,8,Gravitoelectromagnetism: a brief review
17852612799127925294,1999,127,8,Frame dragging and other precessional effects in black hole pulsar binaries
4214277860018394789,2004,123,10,Torsion gravity: a reappraisal
3962376345999534905,1996,119,6,On a new method to measure the gravitomagnetic field using two orbiting satellites
2618637740509683199,2009,266,11,Strong coupling in Hořava gravity
3854089764774945796,2011,104,8,Palatini approach to modified gravity: f (R) theories and beyond
4333318140645464937,2010,94,10,Causality constraints in AdS/CFT from conformal collider physics and Gauss-Bonnet gravity
9751592570670668759,2008,90,8,The Lovelock black holes
2366035291457939803,2008,91,8,Generalized Misner-Sharp quasilocal mass in Einstein-Gauss-Bonnet gravity
789468812864626323,2009,60,8,Lovelock black holes with a nonlinear Maxwell field
342103249347579926,2011,59,8,Lovelock theories, holography and the fate of the viscosity bound
10413443285896404702,2006,51,10,Transgression forms and extensions of Chern-Simons gauge theories
3979021768671065201,2008,39,10,The instability of vacua in Gauss-Bonnet gravity
441937914130825853,2010,34,9,Chern-Simons black holes: scalar perturbations, mass and area spectrum and greybody factors
17356745435013955378,2003,450,13,Heat kernel expansion: user's manual
14162573206212289292,2009,234,9,Noncommutative black holes, the final appeal to quantum gravity: a review
2869814780032928070,2004,210,10,Liouville field theory: A decade after the revolution
9611108896558765206,2004,191,9,The conformal frame freedom in theories of gravitation
8334743914074564238,2008,184,17,Instability in cosmological topologically massive gravity at the chiral point
1991228081183103841,2005,161,16,Loop quantum gravity: an outside view
14360267707157969385,2005,116,6,Modeling black hole evaporation
8103720807881363458,2007,115,11,(Pseudo) issue of the conformal frame revisited
16527511400766981511,2004,110,8,Palatini formulation of modified gravity with lnR terms
10345673944223584188,2004,102,12,Time‐dependent orbifolds and string cosmology
5361927362055160247,2000,851,7,The condensed matter physics of QCD
18156273864574094821,2002,817,20,Echoes in X-ray binaries
1290196611759789063,2004,774,11,The physics of neutron stars
5153238852742282789,2012,641,8,Pulsar astronomy
5915866172981566317,2005,402,12,Strange quark matter and compact stars
1880948881301794679,2007,396,8,Neutron stars 1: Equation of state and structure
6892682849836142198,2001,374,7,Correlated X-ray spectral and timing behavior of the black hole candidate XTE J1550–564: a new interpretation of black hole states
4193185519624700375,2002,348,10,A unified description of the timing features of accreting X-ray binaries
14411475534889182638,2003,336,14,Nuclear-powered millisecond pulsars and the maximum spin frequency of neutron stars
5006104005375103440,2001,317,9,A unified equation of state of dense matter and neutron star structure
15544515372915768263,2007,779,8,Neutron star observations: Prognosis for equation of state constraints
5091517075742540644,2004,622,27,A double-pulsar system: A rare laboratory for relativistic gravity and plasma physics
7461528665690739762,1998,435,86,Binary and millisecond pulsars
8241988029677197660,2006,421,20,Tests of general relativity from timing the double pulsar
5220543107042880529,1992,392,9,Strong-field tests of relativistic gravity and binary pulsars
15702034331667910159,1995,387,14,Gravitational-radiation damping of compact binary systems to second post-Newtonian order
11594452642351371823,2000,273,9,Determination of the last stable orbit for circular general relativistic binaries at the third post-Newtonian approximation
715987523523198463,2002,243,11,Gravitational radiation from post-Newtonian sources and inspiralling compact binaries
14418749084142240280,2001,241,8,Coalescence of two spinning black holes: An effective one-body approach
17219429169266262117,1995,230,12,Gravitational waves from inspiralling compact binaries: Energy loss and waveform to second-post-Newtonian order
14104802430711603539,2014,93,86," The Confrontation between General Relativity and Experiment
18203790892406879924,2012,61,12,Support for the thermal origin of the Pioneer anomaly
5706335264989253980,2011,48,8,Support for temporally varying behavior of the Pioneer anomaly from the extended Pioneer 10 and 11 Doppler data sets
15546387305939921338,2011,48,8,High precision thermal modeling of complex systems with application to the flyby and Pioneer anomaly
7461414438484792335,2012,29,26,Radioscience simulations in general relativity and in alternative theories of gravity
6215657238947212255,2012,27,24,Spacecraft VLBI and Doppler tracking: algorithms and implementation
3447602556187162246,2012,24,16,OSS (Outer Solar System): a fundamental and planetary physics mission to Neptune, Triton and the Kuiper Belt
2857487329459263699,2011,12,11,Electrostatic accelerometer with bias rejection for gravitation and Solar System physics
12637762590538140093,2012,12,11,Conformal cosmology and the pioneer anomaly
449426041704379020,2012,13,6,Geodesic deviation, Raychaudhuri equation, and tidal forces in modified gravity with an arbitrary curvature-matter coupling
15167405596197157282,2004,145,3,Nonlinear theory of elasticity: applications in biomechanics
12214708765835075434,1998,139,6,A review of homogenization and topology optimization III—topology optimization using optimality criteria
4446767945767351460,2010,90,17,Energy variational analysis of ions in water and channels: Field theory for primitive models of complex ionic fluids
10650404028368958861,2007,83,5,Spatial distribution maps for atom probe tomography
11235601579137545941,1996,76,4,Applied continuum mechanics
8323041867074064223,2008,69,4,Characterization of hyperelastic rubber-like materials by biaxial and uniaxial stretching tests based on optical methods
2101221661931891468,1999,65,8,A consistent co-rotational finite element formulation for geometrically nonlinear dynamic analysis of 3-D beams
4650143059439853068,2001,64,10,Vibration analysis of a rotating Timoshenko beam
6089430789798386676,2003,61,6,Path-dependent hemodynamics of the stenosed carotid bifurcation
14381482001435739969,1993,54,3,An exposition of the material derivative approach for structural shape sensitivity analysis
15306232667940952711,1993,1224,12,Quasilocal energy and conserved charges derived from the gravitational action
15166365308210523536,1995,1065,6,Metric-affine gauge theory of gravity: field equations, Noether identities, world spinors, and breaking of dilation invariance
8612318971229495860,1996,276,9,Gravitational energy in spherical symmetry
14638653465637018739,1985,243,9,Laws of motion and precession for black holes and other bodies
6098919591132601339,1997,240,4,Local anisotropy in self-gravitating systems
16809983107195186079,1996,221,8,Energy and angular momentum of charged rotating black holes
7553340185024589582,1990,201,8,Energy associated with a Kerr-Newman black hole
3105156469460524840,1994,191,4,An introduction to twistor theory
3266363484838289409,1994,188,9,Quasilocal gravitational energy
13102890771516471065,2011,864,8,Unified cosmic history in modified gravity: from F (R) theory to Lorentz non-invariant models
7422287691854027578,2012,658,12,Modified gravity and cosmology
16223135719897629050,2011,416,9,Extended theories of gravity
4300970004529238500,2014,344,10,Dark energy
6188521334471223664,2012,332,8,Theoretical aspects of massive gravity
18390664711257628156,2011,217,13,Holographic c-theorems in arbitrary dimensions
8799294614287754687,2011,160,9,Equation of state for dark energy in f (T) gravity
11612397823986747102,2010,151,9,Observational constraints on f (T) theory
16888448779462822920,2011,149,9,Cosmological perturbations in f (T) gravity
8183041740730860922,2006,141,15,Giant ringlike radio structures around galaxy cluster Abell 3376
11424932236210271867,1994,436,5,On black hole entropy
208829199956979047,1988,288,8,Black-hole thermodynamics in Lovelock gravity
11780698255487103800,1993,252,9,Black hole entropy and higher curvature interactions
1021195129240749246,1994,241,12,Black hole relics and inflation: Limits on blue perturbation spectra
6429313507243502838,2009,169,7,Holographic superconductors with higher curvature corrections
10667577269028508114,1995,166,9,On the description of the Riemannian geometry in the presence of conical defects
13159594198281220998,1995,126,10,Increase of black hole entropy in higher curvature gravity
5701411112753433621,2005,108,16,Black hole remnants at the LHC
13299000382113771897,1993,99,13,Charged black holes in effective string theory
4601313629289052190,2000,1924,6,Cosmological inflation and large-scale structure
8886531798267752325,1999,1494,13,Particle physics models of inflation and the cosmological density perturbation
13028615763904245420,1997,713,15,Reconstructing the inflaton potential—an overview
5817703807113185398,2000,501,11,Superstring cosmology
3617047270545129441,1998,491,12,Black holes and sub-millimeter dimensions
48626673277144263,2008,322,15,CMBPol mission concept study: Probing inflation with CMB polarization
431821403978069407,2001,240,10,Steep inflation: Ending braneworld inflation by gravitational particle production
3228397985325433622,1996,229,8,Density perturbations and black hole formation in hybrid inflation
7391306006252354167,1996,219,10,Supernatural inflation: Inflation from supersymmetry with no (very) small parameters
13300510603267864303,2010,189,8,New cosmological constraints on primordial black holes
4946452422128145608,2014,421,3,Neutron interferometry: lessons in experimental quantum mechanics
9202965831117731523,2000,375,9,Rotation sensing with a dual atom-interferometer Sagnac gyroscope
5706472842039311672,1999,289,12,Phase-coherent amplification of atomic matter waves
10509069527219184280,2008,263,7,Laser spectroscopy 2
13538208001490353167,2007,252,8,Charge separation induced by P-odd bubbles in QCD matter
13633324911007992224,2007,143,8,Ultrahigh enhancement in absolute and relative rotation sensing using fast and slow light
14027126264172021394,2006,120,13,Long-term stability of an area-reversible atom-interferometer sagnac gyroscope
7777403422853117269,1998,114,6,Conventionality of synchronisation, gauge dependence and test theories of relativity
12448284484533903865,2005,101,9,Rotational motions induced by the M8. 1 Tokachi‐oki earthquake, September 25, 2003
16003074901489771674,1978,90,12,Direct measurement of diurnal polar motion by ring laser gyroscopes
9130043174745814928,2006,2892,15,Dynamics of dark energy
1894888023738145997,2008,251,19,String cosmology: a review
3794675063679477629,2007,216,12,New ekpyrotic cosmology
1005150793109521557,2011,198,14,Particle physics models of inflation and curvaton scenarios
12372403158915727663,2004,91,16,M theory model of a big crunch/big bang transition
48257305960876492,2004,91,17,Accelerating cosmologies from exponential potentials
17186144896521071592,2010,90,12,Towards a resolution of the cosmological singularity in non-local higher derivative theories of gravity
12537323560549064480,2005,88,9,Accelerating cosmologies and inflation from M/superstring theories
4382391821080561019,2004,75,5,Les Houches lectures on strings and arithmetic
14399849918144145978,2007,64,9,On the initial conditions in new ekpyrotic cosmology
15291912573688820929,2005,72,8,Mass, angular momentum and thermodynamics in four-dimensional Kerr-AdS black holes
10634045990076947731,2007,58,9,Universal regularization prescription for Lovelock AdS gravity
17037735270803325539,2007,55,9,Regularization of odd-dimensional AdS gravity: Kounterterms
17113350606964878090,2006,48,7,Expanding Lie (super) algebras through Abelian semigroups
8554259934827012522,2007,37,9,Counterterms in dimensionally continued AdS gravity
8960855261817712939,2008,30,12,Thermodynamics of Einstein-Born-Infeld black holes with negative cosmological constant
9069886964120186215,2007,29,10,The extended Cartan homotopy formula and a subspace separation method for Chern–Simons theory
5213958580869472360,2004,278,6,Cosmology in scalar-tensor gravity
12357812522076543169,2010,276,4,Beyond Einstein gravity: A Survey of gravitational theories for cosmology and astrophysics
9376799126678585886,2006,237,10,Bouncing universes in string-inspired gravity
11936036095204903724,2002,201,7,Quintessence, superquintessence, and observable quantities in Brans-Dicke and nonminimally coupled theories
5955413268392323087,2008,167,9,TOPICAL REVIEW: General relativistic boson stars
1961307044263115510,2003,143,7,Dynamical systems and cosmology
3197047365987925435,1999,99,10,Cosmic microwave background temperature and polarization anisotropy in Brans-Dicke cosmology
12862949442409413419,2005,92,11,Inhomogeneous gravity
216438368197785889,2001,89,11,Bounds on the possible evolution of the gravitational constant from cosmological type-Ia supernovae
12526222083209259795,2009,88,10,Advances in the calibration of atom probe tomographic reconstruction
6135459582907367656,2008,79,4,Estimation of the reconstruction parameters for atom probe tomography
1625376390464598183,2011,76,8,Advances in the reconstruction of atom probe tomography data
13395823529322624182,2009,68,7,Qualification of the tomographic reconstruction in atom probe by advanced spatial distribution map techniques
2538586162524150285,2010,62,8,Spatial resolution in atom probe tomography
7158490904958827777,2010,61,3,Applications of atom-probe tomography to the characterisation of solute behaviours
10019208407268648765,2008,53,6,Chromatic aberrations in the field evaporation behavior of small precipitates
16049143993854325447,2009,47,7,Origin of the spatial resolution in atom probe microscopy
5757669166585097810,2008,47,7,Towards better 3-D reconstructions by combining electron tomography and atom-probe tomography
7108959179984911526,2008,44,3,Quantitative binomial distribution analyses of nanoscale like‐solute atom clustering and segregation in atom probe tomography data
10207317677681579425,2006,497,10,Aspects of holographic entanglement entropy
280394607599168761,2009,296,10,Holographic entanglement entropy: an overview
17479061272915301448,1995,232,8,Comparison of the Noether charge and Euclidean methods for computing the entropy of stationary black holes
14082013253727304806,2013,152,7,Generalized gravitational entropy
13753285876908961086,2009,151,10,Entanglement entropy in free quantum field theory
473773279137746764,2006,149,9,Proof of the holographic formula for entanglement entropy
10029923554103363414,1998,130,12,Thermal fields, entropy and black holes
16289790190464087845,2006,127,8,Holography with a gravitational Chern-Simons term
16918680982201345687,2006,575,24,Physically based deformable models in computer graphics
3054897647665512524,2004,368,14,Interactive virtual materials
4980136426960469664,2004,336,21,Point based animation of elastic, plastic and melting objects
11668847895563083461,2004,183,4,Interaction of fluids with deformable solids
5517513141225257569,2012,181,9,Mechanical systems in the quantum regime
4113284789856172924,2005,179,17,Meshless animation of fracturing solids
2798692920997764061,2013,174,13,An introduction to continuum mechanics
6274699192885912753,2001,113,24,Real-time simulation of deformation and fracture of stiff materials
5698878989790436273,2005,71,0,Damage mechanics
10866315952855769171,2010,1123,11,f (R) theories of gravity
11152699450258862120,2004,1084,20,Background independent quantum gravity: a status report
9408744178407547245,1994,961,9,Some properties of the Noether charge and a proposal for dynamical black hole entropy
13973816081315184279,2002,926,20,The holographic principle
14984689866847178250,2004,400,61,Isolated and dynamical horizons and their applications
15050972453442832592,2000,373,10,Logarithmic correction to the Bekenstein-Hawking entropy
93164789698111753,1996,358,5,Black hole uniqueness theorems
5556229355873593768,2005,347,9,Black hole entropy function and the attractor mechanism in higher derivative gravity
7431572563446407035,2010,341,17,Thermodynamical aspects of gravity: new insights
10552801351038969863,1994,337,10,Temperature, energy, and heat capacity of asymptotically anti–de Sitter black holes
9735255908674837410,2000,321,15,Transition from inspiral to plunge in binary black hole coalescences
14624811969964087422,2007,283,12,Inspiral, merger, and ring-down of equal-mass black-hole binaries
5609315697561266076,2007,263,15,High-accuracy comparison of numerical relativity simulations with post-Newtonian expansions
2179520019753183179,2004,243,9,Black hole spin evolution
14306979974899120713,2000,246,59,Initial data for numerical relativity
17533564185673472290,2002,239,14,Gravitational-wave inspiral of compact binary systems to 7/2 post-Newtonian order
11454520597854393928,2001,238,20,Comparison of search templates for gravitational waves from binary inspiral
8428832139431340577,2001,224,14,Dimensional regularization of the gravitational interaction of point masses
11928668593576469781,2012,415,14,Dark energy cosmology: the equivalent description via different theoretical models and cosmography tests
11561986167742259927,2011,172,19,Accelerating universe from F (T) gravity
7848563193419906764,2011,147,12,Matter bounce cosmology with the f (T) gravity
3416211488302016247,2011,145,12,f (T) gravity and local Lorentz invariance
1586227916012731885,2011,125,8,Observational information for f (T) theories and Dark Torsion
12318268390649277314,2011,121,13,f (T) models with phantom divide line crossing
1190209612638819150,2011,116,9,f (T) gravity mimicking dynamical dark energy. Background and perturbation analysis
9375784039099671052,1993,1181,11,Black hole entropy is the Noether charge
1726439756593981796,2008,308,10,Viscosity bound violation in higher derivative gravity
11571171933186089651,2000,299,5,Curvature singularities: The good, the bad, and the naked
16957330057366640692,1995,232,9,Black hole entropy without brick walls
1291283809967465140,2001,100,3,Closed-form expressions for the effective coefficients of a fiber-reinforced composite with transversely isotropic constituents–I. Elastic and square symmetry
13205043405496252869,2000,86,5,Multi-resolution multi-scale topology optimization—a new paradigm
17908701805988720258,2003,77,7,Topology optimization of trusses using genetic algorithm, force method and graph theory
11173522082629792071,2002,64,6,Design space optimization using a numerical design continuation method
15135880607270626589,2008,58,6,A semi-implicit level set method for structural shape and topology optimization
15134987762967550649,2010,58,7,Multiscale modeling: a review
2436363624237620992,2005,51,6,Evolutionary structural optimisation based on boundary representation of NURBS. Part I: 2D algorithms
7112741338719892353,2004,42,5,CAD modeling for the components made of multi heterogeneous materials and smart materials
4009606102824586073,2005,36,2,Development of structural topological optimization and imminency of its model transformation into independent level.
18435294841692006738,2006,35,3,A new procedure for aerodynamic missile designs using topological optimization approach of continuum structures
3008324490098292103,2011,16,9,Gamma-ray bursts as cosmological probes: ΛCDM vs. conformal gravity
4858422929340049660,2011,10,14,Kinematical conformal cosmology: fundamental parameters from astrophysical observations
6427713117479309862,2013,4,15,Re-examination of globally flat space-time
14939069462802696279,2014,5,8,Kerr metric, geodesic motion, and Flyby Anomaly in fourth-order Conformal Gravity
10016991908277125985,2013,3,2,Preliminary applications of the nonsymmetric Kaluza–Klein (Jordan–Thiry) theory to Pioneer 10 and 11 spacecraft anomalous acceleration
9553812009805658691,2012,2,7,Variable speed of light cosmology as a solution to the Pioneer anomaly
108000414262289038,2013,1,4,Scope for a small circumsolar annular gravitational contribution to the Pioneer anomaly without affecting planetary orbits
9110680192179881852,2010,1097,12,A two-solar-mass neutron star measured using Shapiro delay
14905725141162097852,2008,733,10,Recent progress and new challenges in isospin physics with heavy-ion reactions
4037508667125344082,2008,677,26,Color superconductivity in dense quark matter
7198448445823076788,2005,577,10,Isospin asymmetry in nuclei and neutron stars
5859189182175932129,2013,458,18,A massive pulsar in a compact relativistic binary
14708952008824146881,2005,430,13,Determination of the stiffness of the nuclear symmetry energy from isospin diffusion
16746212954337231739,2009,393,16,Constraints on the density dependence of the symmetry energy
537567615305719210,2011,111,7,Cosmography in f (T) gravity
13379637710868661800,2012,106,9,Reconstruction of f (T) gravity: Rip cosmology, finite-time future singularities, and thermodynamics
12027337611433656084,2011,103,21,Conformal transformation in f (T) theories
5344033547488988117,2012,80,24,Stability of a non-minimally conformally coupled scalar field in F (T) cosmology
16740829740612570421,1995,1057,19,Thermodynamics of spacetime: the Einstein equation of state
13494041785325111097,1998,396,14,Coupling constant dependence in the thermodynamics of N= 4 supersymmetric Yang-Mills theory
15831613599325729610,2002,338,11,Black hole thermodynamics and negative entropy in de Sitter and anti-de Sitter Einstein–Gauss–Bonnet gravity
1526981430322602147,2001,185,9,Cosmological and black hole brane-world Universes in higher derivative gravity
17477400488975689549,2002,156,11,Anti–de Sitter black holes, thermal phase transition, and holography in higher curvature gravity
16473531220416210257,2005,147,15,A stringy cloak for a classical singularity
12983926808103008237,1999,135,12,Quasilocal quantities for general relativity and other gravity theories
6932845676299288989,2006,131,13,Lectures on black holes, topological strings and quantum attractors
17845279621710771190,1998,109,8,Hawking radiation without black hole entropy
10697931860004032328,1996,128,7,Dilatonic black holes in higher curvature string gravity
5460173503840157968,1997,94,7,Dilatonic black holes with a Gauss-Bonnet term
17255401633690899107,1997,90,7,Black hole solutions with dilatonic hair in higher curvature gravity
6547577652824879496,2002,62,17,Black-hole relics in string gravity: last stages of Hawking evaporation
460115512009976616,2009,46,9,Are black holes in alternative theories serious astrophysical candidates? The case for Einstein-dilaton-Gauss-Bonnet black holes
18195759390865812742,2007,44,19,Higher-derivative-corrected black holes: perturbative stability and absorption cross section in heterotic string theory
12728184883197962673,2005,38,10,Five-dimensional black strings in Einstein-Gauss-Bonnet gravity
1918111837211007286,1999,37,6,Black holes in higher curvature gravity
13547242301681313533,2003,183,65,Testing general relativity with pulsar timing
7153454903262733468,2009,30,21,Matter wave explorer of gravity (MWXG)
9747372038792083160,2014,35,4,Beyond the cosmological standard model
1402773958290482167,2014,18,6,Causality constraints on corrections to the graviton three-point coupling
11824688519389468974,2014,15,7,Slowly rotating neutron stars in scalar-tensor theories
6924045021651999674,2003,11,8,Geometric dilaton gravity and smooth charged wormholes
9490582928931291413,2004,11,22,A numerical study of boson stars
44543554363471823,2014,13,9,Generalized curvature-matter couplings in modified gravity
1947984178522331609,2013,105,41,Minimal length scale scenarios for quantum gravity
15382879638558225619,2012,93,7,Super-renormalizable quantum gravity
2294958041621348377,2010,86,12,Voros product, noncommutative Schwarzschild black hole and corrected area law
9956221543385438294,2010,87,12,Noncommutative geometry-inspired dirty black holes
17085001487914580378,2010,76,11,Entropic force, noncommutative gravity, and ungravity
1377604998770762866,2009,75,8,Spectral dimension of a quantum universe
12210555444019663967,2009,74,13,Topics in noncommutative geometry inspired physics
504286294620956073,2008,71,8,The decay-time of non-commutative micro-black holes
12921922582521249517,2012,117,16,Colloquium: Stimulating uncertainty: Amplifying the quantum vacuum with superconducting circuits
3779654074273723631,2008,100,6,Nonlocal density correlations as a signature of Hawking radiation from acoustic black holes
12141748512817027038,2009,49,12,Bouncing cosmologies in Palatini f (R) gravity
13258209167335446405,2008,38,4,Space-time structure of loop quantum black hole
2430186955454022630,2010,36,11,Entanglement of Dirac fields in an expanding spacetime
7557555601416259093,2008,35,12,Hawking radiation, W∞ algebra and trace anomalies
3668153930237162479,2012,37,7,Voyage to Alpha Centauri: Entanglement degradation of cavity modes due to motion
7834279756778480076,2005,34,6,Quantum effects in acoustic black holes: The backreaction
18184689940628762539,2010,34,10,Quantum entanglement produced in the formation of a black hole
15649218733563996041,2009,33,10,Self-dual black holes in loop quantum gravity: Theory and phenomenology
6429167317329928392,2005,154,8,Review of options for structural design sensitivity analysis. Part 1: Linear systems
4184690606925599050,2001,73,8,Shape sensitivity analysis and shape optimization in planar elasticity using the element-free Galerkin method
10675172206444743811,1996,45,5,Domain optimization analysis in linear elastic problems (approach using traction method)
9295970742322190840,2002,40,3,Meshless approach to shape optimization of linear thermoelastic solids
5580891630522016735,1999,38,0,Optimization of structures subjected to dynamic loads
14741870758795833492,1996,35,3,A continuum mechanical-based formulation of the variational sensitivity analysis in structural optimization. Part I: analysis
14519390302089121369,2000,35,5,Shape sensitivity analysis in linear elastic fracture mechanics
17622193419308395392,1998,29,3,Second-order shape sensitivity analysis for nonlinear problems
3558829227223245082,1999,27,4,Structural shape optimization using MSC/NASTRAN and sequential quadratic programming
460333804066071791,1995,24,0,A domain optimization technique for elliptic boundary value problems
12098486177413780871,2006,377,11,A radio pulsar spinning at 716 Hz
15276426219519678214,2006,367,14,Calibration of the Rossi X-ray timing explorer proportional counter array
9121617903658485645,2008,259,13,Thermonuclear (type I) X-ray bursts observed by the Rossi X-ray timing explorer
4353957445557407509,2007,221,16,A catalogue of low-mass X-ray binaries in the Galaxy, LMC, and SMC
16594246129781489575,2004,215,17,Three-dimensional simulations of disk accretion to an inclined dipole. II. Hot spots and variability
613852904307272059,2004,209,9,Pulsars in binary systems: probing binary stellar evolution and general relativity
10884449216813809064,2004,225,15,Consequences of gravitational radiation recoil
5361674117319406451,2007,221,12,Approaching faithful templates for nonspinning binary black holes using the effective-one-body approach
13043481444186123143,2003,201,7,Black hole mass and spin coevolution by mergers
8780115668564064807,2004,203,26,Analysis of LIGO data for gravitational waves from binary neutron stars
6025559740404768974,2003,182,11,Detecting gravitational waves from precessing binaries of spinning compact objects: Adiabatic limit
9737433216894415830,2002,179,7,Binary black holes in circular orbits. II. Numerical methods and first results
8706395909377308609,2002,168,12,Untangling the merger history of massive black holes with LISA
792263556643301438,1986,1240,7,Black holes: the membrane paradigm
15352144072309009824,1995,487,8,Coalescing binary systems of compact objects to (post) 5/2-Newtonian order. V. Spin effects
4830573393979569674,1997,338,6,Gravitational radiation reaction to a particle motion
404175896440644157,1991,308,3,Essential relativistic celestial mechanics
2159900123971434319,2004,293,42,The motion of point particles in curved spacetime
7863078811187154489,1991,283,7,General-relativistic celestial mechanics. I. Method and definition of reference systems
7406201903329072503,2006,181,8,Effective field theory of gravity for extended objects
7460358716781918299,2012,824,20,The phenomenological mind
11949610481886008050,2010,344,9,Scientific representation: Paradoxes of perspective
16321964883897008955,2005,256,6,Space-time Structure from a Dynamical Perspective
9446036753714768070,2013,115,4,Husserl
1506589467047559028,2009,109,3,Structural realism
5831470711760403079,2007,50,7,The Cambridge companion to logical empiricism
16723545265565394037,2009,43,6,Mind and nature: selected writings on philosophy, mathematics, and physics
5398250034280063458,2010,41,7,Naturalized phenomenology
17519287121832661123,2011,34,6,In defence of ontic structural realism
4409352826752170255,2008,29,2,The Young Carnap's Unknown Master
8020734401814195760,2002,353,10,Physical aspects of the space–time torsion
2157886076500859828,1997,257,10,Gravitational Lorentz force and the description of the gravitational interaction
3736181704541507245,1997,257,5,New Lagrangian and Hamiltonian methods in field theory
5170758576446306173,2002,232,8,Torsion gravity
15527099122529867817,1996,182,7,On the gauge aspects of gravity
295250611968692102,2000,178,9,Gravitational energy-momentum density in teleparallel gravity
6814694949395115396,2008,176,11,Elasticity and plasticity of large deformations
11714593594443267888,2008,86,10,Growth and remodeling in a thick-walled artery model: effects of spatial variations in wall constituents
2461914536762847696,2006,72,3,Nonlinear-elastic finite axisymmetric deformation of flexible matrix composite membranes under internal pressure and axial force
17452435245307387527,2009,63,16,Modelling the layer-specific three-dimensional residual stresses in arteries, with an application to the human aorta
676750450655275877,2012,56,9,Model-based elastography: a survey of approaches to the inverse elasticity problem
16638668404954262456,2009,55,14,Towards a unified theory for morphomechanics
3131436626070897921,2008,47,13,Computational modeling of morphogenesis regulated by mechanical feedback
3020643599022553395,2007,47,10,A deformation gradient decomposition method for the analysis of the mechanics of morphogenesis
744965723014098983,2008,40,6,A 3D finite element model of ventral furrow invagination in the Drosophila melanogaster embryo
16226975386842441738,2007,40,7,Optical coherence tomography as a tool for measuring morphogenetic deformation of the looping heart
11211635534013882554,1999,1135,11,A stress tensor for anti-de Sitter gravity
4688310052117544425,2001,853,14,Holographic Reconstruction of Spacetime¶ and Renormalization in the AdS/CFT Correspondence
3715230182625075960,2001,766,8,The dS/CFT correspondence
1518317162771092357,2002,658,18,Lecture notes on holographic renormalization
9874041410944559588,1996,533,11,The gravitational Hamiltonian, action, entropy and surface terms
10536425657918869261,2004,473,8,A relativist's toolkit: the mathematics of black-hole mechanics
13228560221400510564,1995,440,12,Entropy, area, and black hole pairs
14283680547237160619,2010,393,11,The equation of state from observed masses and radii of neutron stars
35109168247421341,2009,292,17,Delayed neutrino-driven supernova explosions aided by the standing accretion-shock instability
18410314705111784165,2009,240,12,Nuclear symmetry energy probed by neutron skin thickness of nuclei
10917116698555505236,2009,214,19,The gravitational-wave signature of core-collapse supernovae
1932148436979802439,2013,222,13,The nuclear spectroscopic telescope array (NuSTAR) high-energy x-ray mission
8725874525404432535,2012,34,8,Modelling the reflective thermal contribution to the acceleration of the Pioneer spacecraft
17505033122791674822,2012,20,10,Observable effects in a class of spherically symmetric static Finsler spacetimes
1492784414461743785,2012,19,6,Celestial ephemerides in an expanding universe
16513688153421872508,2014,12,5,The experimental status of Special and General Relativity
16942195205523261343,2012,9,4,An underestimated onboard generated recoil force contributing to the Pioneer anomaly
5659094829777232407,2013,7,9,Unbiased acceleration measurements with an electrostatic accelerometer on a rotating platform
18132682703003500105,2005,1359,24,The confrontation between general relativity and experiment
15260516453044638417,2009,755,32,LIGO: the laser interferometer gravitational-wave observatory
538398365923629719,2001,616,14,The confrontation between general relativity and experiment
18023134743449279887,1999,420,11,Effective one-body approach to general relativistic two-body dynamics
1738495694689028275,1996,376,10,Search templates for gravitational waves from inspiraling binaries: Choice of template spacing
17295207277821691633,1996,317,13,Gravitational waveforms from inspiralling compact binaries to second-post-Newtonian order
14533953302264081292,1998,304,11,Improved filters for gravitational waves from inspiraling compact binaries
11913700255242621482,2001,293,9,Possibility of direct measurement of the acceleration of the universe using 0.1 Hz band laser interferometer gravitational wave antenna in space
9872277312421141317,2012,122,13,Formation of galaxy clusters
13119949803868128752,2013,74,9,Hubble parameter measurement constraints on the cosmological deceleration-acceleration transition redshift
12465460029466390587,2011,57,10,New static solutions in f (T) theory
11904191752256394556,2013,52,13,Cosmological constant and vacuum energy: old and new ideas
4582206288912516706,2012,44,14,Hamiltonian dynamics and Noether symmetries in extended gravity cosmology
1309631839092556707,2012,39,9,Black holes, cosmological solutions, future singularities, and their thermodynamical properties in modified gravity theories
4482987782633561427,2012,40,9,Metric-Palatini gravity unifying local constraints and late-time cosmic acceleration
6693055416877942075,2007,1385,11,Introduction to modified gravity and gravitational alternative for dark energy
16181689304115265849,2005,325,9,Modified Gauss–Bonnet theory as gravitational alternative for dark energy
14115363736389926636,2005,324,10,Reconciling dark energy models with f (R) theories
14138426107733352789,2006,292,9,Dark energy in modified Gauss-Bonnet gravity: Late-time acceleration and the hierarchy problem
4225492149930309412,2005,265,6,One-loop f (R) gravity in de Sitter universe
3841779099930210325,2005,245,14,Consistent modified gravity: dark energy, acceleration and the absence of cosmic doomsday
4006877311376637428,2004,222,10,Accelerated cosmological models in Ricci squared gravity
9920101056699435840,2006,205,12,Cosmological constraints on f (R) gravity theories within the Palatini approach
14431228185084411586,2004,283,46," Quasi-Local Energy-Momentum and Angular Momentum in GR: A Review Article
5969992861398195590,1999,226,10,Pseudotensors and quasilocal energy-momentum
10680799629458992830,1999,218,9,Naked singularities and Seifert's conjecture
2195102076176116054,1996,100,9,Energy associated with charged dilaton black holes
12739613951895355543,1997,96,4,Einstein pseudotensor and total energy of the universe
10169831498197752342,2003,92,11,Energy distribution in 2d stringy black hole backgrounds
10693035357778448575,2003,88,10,Energy and Momentum Distributions of a (2+ 1)-dimensional black hole background
11146609075152689104,2000,87,11,Møller energy for the Kerr–Newman metric
7933477370792643146,2011,110,11,Large-scale structure in f (T) gravity
3711612764742770365,1996,272,9,Gravitational radiation from compact binary systems: Gravitational waveforms and energy loss to second post-Newtonian order
10762113624424160203,1995,245,9,Gravitational waves from inspiraling compact binaries: Parameter estimation using second-post-Newtonian waveforms
9281041632187098865,2004,244,12,Gravitational radiation from inspiralling compact binaries completed at the third post-Newtonian order
9377708346787898398,2003,1130,9,Modified gravity with negative and positive powers of curvature: Unification of inflation and cosmic acceleration
8592638108803959281,2004,362,25,The Casimir effect: Recent controversies and progress
7477654632383057591,2011,276,9,Towards a derivation of holographic entanglement entropy
17582955475884419777,2006,204,14,An introduction to noncommutative geometry
7325443777421068238,2007,178,15,Metric-affine f (R) theories of gravity
3947214383527614163,2004,143,0,Path integrals and quantum anomalies
7327544618001460574,2007,132,17,The generalized Abel-Plana formula with applications to Bessel functions and Casimir effect
16079195565081284682,2011,119,46,Entanglement entropy of black holes
7250238144491927793,2008,111,11,Entanglement entropy, conformal invariance and extrinsic geometry
5748810434053884988,2005,582,4,Handbook of pulsar astronomy
4867624544713105551,2006,185,14,tempo2, a new pulsar timing package–II. The timing model and precision estimates
2263694881189783599,2010,164,25,The black hole mass distribution in the Galaxy
7732126400119097972,2005,137,11,Constraining the equation of state with moment of inertia measurements
14437481283689753182,2002,129,12,Gravitomagnetic effects in the propagation of electromagnetic waves in variable gravitational fields of arbitrary-moving and spinning bodies
15832217943222816805,2004,127,14,Strong-field tests of gravity using pulsars and black holes
14385566492130847985,2008,108,5,Testing the General Relativistic
3767013258558681066,2009,97,6,The double pulsar system: a unique laboratory for gravity
7553866733767991626,2006,88,12,Neutron star kicks in isolated and binary pulsars: observational constraints and implications for kick mechanisms
12828965257497211655,1998,8605,8,Declining morbidity and mortality among patients with advanced human immunodeficiency virus infection
7865044319121311797,1996,2609,10,Prognosis in HIV-1 infection predicted by the quantity of virus in plasma
3439217356142435880,1997,1752,6,Treatment with indinavir, zidovudine, and lamivudine in adults with human immunodeficiency virus infection and prior antiretroviral therapy
6524279106634017341,1996,1533,2,Morbidity and Mortality Weekly Report: MMWR. Recommendations and reports
10680769402898340277,1999,1064,6,Efavirenz plus zidovudine and lamivudine, efavirenz plus indinavir, and indinavir plus zidovudine and lamivudine in the treatment of HIV-1 infection in adults
1455985816172658473,1999,868,5,Highly active antiretroviral therapy in a large urban clinic: risk factors for virologic failure and adverse drug reactions
1687293743744338787,1998,788,7,Improved survival among HIV-infected individuals following initiation of antiretroviral therapy
1979847636176158200,1997,731,6,Antiretroviral therapy for HIV infection in 1997: updated recommendations of the International AIDS Society—USA Panel
5832581108910400553,2001,716,11,Rates of disease progression by baseline CD4 cell count and viral load after initiating triple-drug therapy
9654332449709289677,1996,716,5,Treatment of human immunodeficiency virus infection with saquinavir, zidovudine, and zalcitabine
8182452416777362807,2012,6,2,Brans-Dicke theory and the Pioneer anomaly
10618720398602464344,2013,4,7,Rindler modified Schwarzschild geodesics
12925640701735873335,2013,4,6,Anomalous post-Newtonian terms and the secular increase of the astronomical unit
7300742399629681417,2012,263,9,The exact superconformal R-symmetry extremizes Z
10560147421973616040,2011,209,9,On renormalization group flows in four dimensions
1670683651249011398,2011,175,8,Towards the F-theorem:\ mathcal {N}= 2 field theories on the three-sphere
11057313009979293837,2012,152,7,Holographic Fermi surfaces and entanglement entropy
9058464383885506015,2010,145,11,Seeing a c-theorem with holography
4234886412431304438,2011,116,8,On holographic entanglement entropy and higher curvature gravity
3367700582951745169,2012,108,7,Renormalization group running of the entanglement entropy of a circle
11969338175904408395,2012,95,6,The constraints of conformal symmetry on RG flows
17763615735770485875,2011,169,15,Cooling neutron star in the Cassiopeia A supernova remnant: evidence for superfluidity in the core
17180629045807469913,2010,169,13,Further explorations of Skyrme-Hartree-Fock-Bogoliubov mass formulas. XII. Stiffness and stability of neutron-star matter
5325559618363258567,2009,150,6,Physics performance report for PANDA: Strong interaction studies with antiprotons
757068374410944043,2013,107,8,The neutron star mass-radius relation and the equation of state of dense matter
17046300347093456410,2007,93,13,Neutron star cooling after deep crustal heating in the X-ray transient KS 1731–260
10326803897825243798,2008,84,11,Further explorations of Skyrme–Hartree–Fock–Bogoliubov mass formulas. IX: Constraint of pairing force to 1 S 0 neutron-matter gap
2778325993189016128,2008,84,8,Recent Observation of Short-Range Nucleon Correlations in Nuclei and Their Implications for the Structure of Nuclei and Neutron Stars
18152943754463115496,2013,77,13,Equation of state and neutron star properties constrained by nuclear physics and observation
1679711664150740979,2009,74,5,MHD flows in compact astrophysical objects: accretion, winds and jets
13378140416035926142,2011,73,13,A Neutron Star Stiff Equation of State Derived from Cooling Phases of the X-Ray Burster 4U 1724–307
1032591742400235125,2001,659,10,The physical basis of the direction of time
4106563253650020246,2005,373,38,Loop quantum cosmology
3585642134754402666,2006,291,50,The asymptotic safety scenario in quantum gravity
4578340340330788098,2005,272,16,Reconstructing the universe
5862120588427530077,2004,136,11,An invitation to loop quantum gravity
11088840093177004775,2008,92,10,Anomaly freedom in perturbative loop quantum gravity
14400880436514414524,2005,88,10,An improved estimate of black hole entropy in the quantum geometry approach
17734232281269600955,2007,87,12,Loop quantum gravity: an inside view
14073354467994643234,2006,86,12,Spherically symmetric quantum geometry: Hamiltonian constraint
6697729816283138732,2005,71,7,From big bang to asymptotic de Sitter: Complete cosmologies in a quantum gravity framework
2576254620197471737,2010,14284,40,Review of particle physics
8932264407390643826,2008,508,10,Extended theories of gravity and their cosmological and astrophysical applications
5939725836829968164,2002,143,10,Gravitomagnetic effects
6843940700304940236,2001,92,14,Gravitomagnetism and the clock effect
11332582555860383082,2001,84,5,Reassessment of the error modelling of non-gravitational perturbations on LAGEOS II and their impact in the Lense–Thirring determination. Part I
3631250814487371332,1999,83,6,Relativistic precession around rotating neutron stars: Effects due to frame dragging and stellar oblateness
562237100522414355,2002,77,3,Reassessment of the error modelling of non-gravitational perturbations on LAGEOS II and their impact in the Lense–Thirring derivation—Part II
1084319492318901004,2011,77,12,Phenomenology of the Lense-Thirring effect in the solar system
7512404752239316783,2002,531,10,Gauss-Bonnet black holes in AdS spaces
14997208868949321305,2005,364,10,First law of thermodynamics and Friedmann equations of Friedmann-Robertson-Walker universe
8758752842720514440,1990,287,9,Higher-derivative Lagrangians, nonlocality, problems, and solutions
4282418597928164751,2002,245,12,General Gauss–Bonnet brane cosmology
3237567948768751565,2000,103,0,Force-based finite element for large displacement inelastic analysis of frames
9658374975260766535,2002,36,3,Path‐following analysis of thin‐walled structures and comparison with asymptotic post‐critical solutions
2908574983413445743,2003,29,3,Nonlinear elastoplastic dynamic analysis of single-layer reticulated shells subjected to earthquake excitation
7916704488487135067,2006,22,7,A 2D field-consistent beam element for large displacement analysis using the total Lagrangian formulation
14292890914709088091,2011,19,10,Efficient formulation for dynamics of corotational 2D beams
14832090066558646074,2007,19,3,A mixed co‐rotational formulation of 2D beam element using vectorial rotational variables
1773136413402521425,2008,14,4,Quadruply coupled linear free vibrations of thin-walled beams with a generic open section
11868662558797761940,2011,14,4,Flapping-wing structural dynamics formulation based on a corotational shell finite element
18037868372683033233,2012,11,7,Consistent structural linearisation in flexible-body dynamics with large rigid-body motion
16405594456104923068,2012,11,7,Dynamics of 3D beam elements in a corotational context: A comparative study of established and new formulations
18119837336464467517,2008,86,9,Generalized Vaidya spacetime in Lovelock gravity and thermodynamics on the apparent horizon
4089956285860520478,2009,53,11,Generalized Misner-Sharp energy in f (R) gravity
18383078777931140809,2008,50,10,Static and symmetric wormholes respecting energy conditions in Einstein-Gauss-Bonnet gravity
18096721817986336389,2009,37,8,Influence of generalized and extended uncertainty principle on thermodynamics of FRW universe
9571476592467362056,2009,32,10,Corrected entropy of Friedmann-Robertson-Walker universe in tunneling method
18208858326502874763,2011,31,9,Lovelock black holes with maximally symmetric horizons
2071567823123986655,2010,31,10,Kodama time: Geometrically preferred foliations of spherically symmetric spacetimes
6600227305452648644,2008,30,11,Black Holes in the Dilatonic Einstein-Gauss-Bonnet Theory in Various Dimensions. I—Asymptotically Flat Black Holes—
1046153585432636063,2009,239,9,On the extra mode and inconsistency of Hořava gravity
4756775468544563841,2009,201,11,Quantum gravity without Lorentz invariance
8398995444646710436,2009,175,8,A trouble with Hořava-Lifshitz gravity
15306693009332316298,2010,170,11,General covariance in quantum gravity at a Lifshitz point
1377663741039681720,2010,156,17,Perturbative instabilities in Hořava gravity
16756239703257471060,2010,143,10,Hořava–Lifshitz cosmology: a review
2118256880409895283,2010,139,19,Hořava–Lifshitz dark energy
13449987834672603037,2009,137,12,Dark matter as integration constant in Hořava-Lifshitz gravity
3346020796831581502,2010,134,12,A dynamical inconsistency of Hořava gravity
15292533781511952925,2011,4,10,Measuring the absolute non-gravitational acceleration of a spacecraft: goals, devices, methods, performances
16984530696691919451,2013,3,7,Experimental demonstration of bias rejection from electrostatic accelerometer measurements
12895891944242910920,2011,1,4,The inertial property of approximately inertial frames of reference
15241231265254034070,2010,603,14,Liouville correlation functions from four-dimensional gauge theories
4164834910163491818,2006,245,16,Integrated approaches towards drug development from Ayurveda and other Indian system of medicines
5705174137822558052,2011,126,12,Liouville quantum gravity and KPZ
12477121476031000841,2005,68,8,H3+-WZNW correlators from Liouville theory
12852755859878461918,2004,62,9,Boundary states for the rolling D-branes in NS5 background
3263248735145676119,2005,60,17,TFT construction of RCFT correlators IV:: Structure constants and correlation functions
5487363347318623008,2005,59,15,D-branes in N= 2 Liouville theory and its mirror
10347053916294743554,2011,59,10,Analytic continuation of Liouville theory
16008040023965378840,2004,59,11,SL (2; Bbb R)/U (1) supercoset and elliptic genera of Non-compact Calabi-Yau Manifolds
11954329634615847888,2007,50,17,Biorthogonal quantum systems
13573964761193160309,1999,5345,19,The emperor's new mind: concerning computers, minds, and the laws of physics
11013136295365909005,1994,3085,26,Shadows of the Mind
14413994920178586626,2004,961,12,Perturbative gauge theory as a string theory in twistor space
11335530914971986902,1989,402,3,The Penrose transform: its interaction with representation theory
9048100810585086987,2009,148,8,Dual superconformal invariance, momentum twistors and Grassmannians
9264867121460839212,1999,144,11,Geometric holography, the renormalization group and the c-theorem
956405083540884174,2010,140,8,The complete planar S-matrix of\ mathcal {N}= 4 SYM as a Wilson loop in twistor space
13349624130186893477,2011,130,4,Conformal differential geometry and its generalizations
17294505109821080364,1994,111,13,Quantum gravity, quantum cosmology and Lorentzian geometries
9199241389025500899,1999,73,10,The question of cosmic censorship
13736737670263789424,1994,448,8,General laws of black-hole dynamics
5744044355110337914,1998,301,12,Unified first law of black-hole dynamics and relativistic thermodynamics
2845350234407886393,2002,111,8,Energy and angular momentum of the gravitational field in the teleparallel geometry
8168566389239898982,2011,306,7,Gauge/string duality, hot QCD and heavy ion collisions
1434044974822666128,2011,93,12,Holographic entanglement entropy in Lovelock gravities
11407588976223023482,2010,87,10,Causality in AdS/CFT and Lovelock theory
3884612417502323920,2010,74,8,Black holes in quasi-topological gravity
13445434946259952951,2012,57,12,Strongly correlated quantum fluids: ultracold quantum gases, quantum chromodynamic plasmas and holographic duality
10163492393202361287,2011,45,7,The shear viscosity to entropy ratio: a status report
17872837896223258815,2013,25,9,Lanczos–Lovelock models of gravity
13764758482424056282,2013,8,7,Goniopolarimetric techniques for low-frequency radio astronomy in space
10208809964193366592,2013,8,8,Perspectives on effectively constraining the location of a massive trans-Plutonian object with the New Horizons spacecraft: a sensitivity analysis
2239696190180937433,2013,5,5,The effect of f (T) gravity on an interplanetary clock and its time transfer link
11033832226946819444,2013,3,9,Constraints on a MOND effect for isolated aspherical systems in the deep Newtonian regime from orbital motions
16274878680164606726,2014,2,5,Planetary internal structures
16625975194279995,2014,2,7,Neptune and Triton: Essential pieces of the Solar System puzzle
5987876749436142506,2012,2,11,Radio astronomy with the European Lunar Lander: Opening up the last unexplored frequency regime
10471533569646087666,2013,1,7,Lasers for coherent optical satellite links with large dynamics
5688183201551402886,2011,265,15,Loop quantum cosmology: a status report
8432197776576831950,2011,29,8,New variational principles as alternatives to the Palatini method
191154111431141959,2012,28,10,Reissner-Nordström black holes in extended Palatini theories
11225595947544287162,2011,25,13,Palatini f (R) black holes in nonlinear electrodynamics
4692405695373102885,2011,24,11,Palatini actions and quantum gravity phenomenology
15566906561509014132,2013,23,6,Cosmology of hybrid metric-Palatini f (X)-gravity
1598067048343505827,2012,22,17,Nonsingular black holes in quadratic Palatini gravity
5734660124489217225,2003,69,12,The impact of the static part of the Earth's gravity field on some tests of General Relativity with Satellite Laser Ranging
16101441788795664751,2002,64,11,The LARES mission revisited: an alternative scenario
8381802927252775875,2001,63,9,Earth tides and Lense–Thirring effect
14513443507521408732,2007,61,6,Dragging of inertial frames
17336518003978985923,2004,60,9,The impact of the new Earth gravity models on the measurement of the Lense–Thirring effect
3308130151685168031,2006,55,8,Determination of frame-dragging using Earth gravity models from CHAMP and GRACE
10698989460529461774,2009,98,11,Higher order gravity theories and their black hole solutions
1186329659601649053,2008,53,9,Newtonian limit of nonlocal cosmology
11807014932687401869,2010,43,10,Black hole solutions in 5D Horava-Lifshitz gravity
1773583530573006634,2012,34,20,Higher-derivative scalar-vector-tensor theories: black holes, Galileons, singularity cloaking and holography
10246545462566091750,2010,31,13,Smarr formula and an extended first law for Lovelock gravity
16162679266723022512,2013,22,8,A Lovelock black hole bestiary
449615921280151860,2009,22,13,Einstein-Gauss-Bonnet metrics: black holes, black strings and a staticity theorem
10078269690904788417,2003,535,10,Black hole binaries
8114441998743458002,2003,456,13,Fluorescent iron lines as a probe of astrophysical black hole systems
12625838108171639429,2007,452,11,Modelling the behaviour of accretion flows in X-ray binaries
6757098338237855611,2003,377,12,On characterizing the variability properties of X-ray light curves from active galaxies
2908786437920131334,2005,245,15,The evolution of the timing properties of the black-hole transient GX 339–4 during its 2002/2003 outburst
14651317582950672129,2006,206,12,Jets in neutron star X-ray binaries: a comparison with black holes
1358443086786528761,2003,201,10,Long term variability of Cygnus X–1-I. X-ray spectral-temporal correlations in the hard state
3648446162193192344,2005,188,16,Non-linear X-ray variability in X-ray binaries and active galaxies
469880183023354049,2010,147,7,States and transitions in black hole binaries
9798695658816077811,2003,143,13,X-ray continuum variability of MCG-6-30-15
14597112453058323908,2009,283,9,Dark torsion as the cosmic speed-up
17948578969397859634,2007,230,9,Modified teleparallel gravity: Inflation without an inflaton
6167729176201706091,2008,152,7,Born-Infeld gravity in Weitzenböck spacetime
8641901304766229305,2011,106,10,Growth factor in f (T) gravity
12947021549796386861,2011,92,9,“Teleparallel” dark energy
5977704821710393938,2010,81,10,Accelerating cosmology in F (T) gravity with scalar field
13524324820185934756,2011,73,7,Thermodynamics of cosmological horizons in f (T) gravity
9493125473400445283,2012,59,10,Noether symmetry in f (T) theory
9935707257857436147,2012,57,8,Dynamics of teleparallel dark energy
8160632680831337034,2012,50,9,Generalized second law of thermodynamics in f (T) gravity
7232990403544308034,2012,43,10,Phantom cosmology without big rip singularity
16161377440209662037,2012,43,12,Revisiting generalized Chaplygin gas as a unified dark matter and dark energy model
8990557770676902691,2012,41,8,Linear perturbations in Galileon gravity models
10477579892776570373,2010,128,10,Holographic GB gravity in arbitrary dimensions
11803810325855635298,2010,88,8,Analytical study on holographic superconductors in external magnetic field
17377701994371892269,2010,86,7,On the new massive gravity and AdS/CFT
7687042620031061140,2010,84,10,Holographic p-wave superconductors from Gauss-Bonnet gravity
16561662888590538815,2010,76,9,Holographic studies of quasi-topological gravity
6847911016071917995,2009,148,13,Chern–Simons modified general relativity
5454526319994403122,2011,66,15,Anomalous transport coefficients from Kubo formulas in Holography
9459085455755039490,2005,53,10,On the interaction of mesoscopic quantum systems with gravity
2013000463698223915,2007,49,10,On reference frames in spacetime and gravitational energy in freely falling frames
2823127473835678920,2007,49,9,Parametrized post-Newtonian expansion of Chern-Simons gravity
8360206094980864256,2005,41,9,Gravitational field of a spinning radiation beam pulse in higher dimensions
1332183124650822989,2006,41,11,Dynamics of extended spinning masses in a gravitational field
15244822656904325728,2008,43,6,Gravitoelectromagnetic analogy based on tidal tensors
17933331652562110215,2009,38,11,An assessment of the systematic uncertainty in present and future tests of the Lense-Thirring effect with satellite laser ranging
13614033475826848350,2011,161,9,Quasinormal modes of black holes: from astrophysics to string theory
9505184648687816887,2011,35,10,Area spectrum of the d-dimensional Reissner–Nordström black hole in the small charge limit
13552171639559139188,2012,19,9,Stability analysis and area spectrum of three-dimensional Lifshitz black holes
15131684488004834759,2011,15,8,Asymptotically Lifshitz wormholes and black holes for Lovelock gravity in vacuum
658853064343658972,2012,11,12,Quasinormal modes, stability analysis and absorption cross section for 4-dimensional topological Lifshitz black hole
7795278276423536044,2012,11,6,Area spectrum of the three-dimensional Gödel black hole
9631638749448645553,2012,10,5,Periodicity and area spectrum of the three dimensional BTZ black hole
15361993876847612983,2011,9,10,Black holes with gravitational hair in higher dimensions
14753960984742864865,2012,7,6,Scalar field scattering by a Lifshitz black hole under a nonminimal coupling
5860383057963065395,2013,6,6,QUASINORMAL MODES AND STABILITY ANALYSIS FOR Z= 4 TOPOLOGICAL BLACK HOLE IN 4+ 1-DIMENSIONAL HORAVA–LIFSHITZ GRAVITY
13578248484146252130,2011,58,16,Second-order Poisson–Nernst–Planck solver for ion transport
9176601632403854575,2011,48,8,A mathematical model for the hard sphere repulsion in ionic solutions
3386260835917200323,2012,42,9,Variational multiscale models for charge transport
15763518282458450041,2011,40,14,Poisson-Nernst-Planck equations for simulating biomolecular diffusion-reaction processes II: size effects on ionic distributions and diffusion-reaction rates
8159909153929611315,2012,39,18,PNP equations with steric effects: a model of ion flow through channels
454713510154177956,2010,35,12,Multiple Scales in the Simulation of Ion Channels and Proteins†
4941406036484560483,2012,30,7,Modeling and simulation of ion channels
3126460176620324087,2011,26,17,A model of electrodiffusion and osmotic water flow and its energetic structure
803002779150483098,2012,25,9,Ions in fluctuating channels: transistors alive
15555449904560062231,2011,21,10,Self-organized models of selectivity in calcium channels
16994122091362934603,2013,33,7,Further matters in space-time geometry: f (R, T, R μ ν T μ ν) gravity
12417601972770776593,2013,22,7,Structure of neutron, quark, and exotic stars in Eddington-inspired Born-Infeld gravity
13571952933994914527,2013,8,6,Hybrid modified gravity unifying local tests, galactic dynamics and late-time cosmic acceleration
7330624703411949685,2014,6,7,Tidal forces in f (R) theories of gravity
2427944851803706357,2014,6,6,Thermodynamic interpretation of the generalized gravity models with geometry-matter coupling
9368500337421423432,2013,6,6,Consistency of nonminimally coupled f (R) gravity
8135629935449911768,2014,3,4,Generalized energy conditions in Extended Theories of Gravity
10639574805145643066,2014,2,2,Static string solutions in $ f\ left (R, L_m\ right) $ modified gravity
1996422229452803531,2013,1,5,Peculiar Raychaudhuri equation
6433777691672396722,2006,68,5,Free vibration of rotating tapered beams using the dynamic stiffness method
8037311127185942891,2006,43,4,Free vibration analysis of a rotating Timoshenko beam by differential transform method
18164246496963082328,2004,33,4,Dynamic response of rotating beams with piezoceramic actuation
977225712623215325,2004,29,3,Effect of centrifugal force on natural frequency of lateral vibration of rotating shafts
17223201387837668407,2012,25,3,A geometrically exact approach to the overall dynamics of elastic rotating blades—part 1: linear modal properties
11390225001732018518,2007,23,5,Free vibration of an extensible rotating inclined Timoshenko beam
13636851449973571858,2007,21,10,Free vibrations of a rotating inclined beam
13368627402581298305,2010,18,7,Free vibration analysis of rotating Euler beams at high angular velocity
4256760203521744100,2009,17,2,Theoretical study of a novel refrigeration compressor–Part II: Performance of a rotating discharge valve in the revolving vane (RV) compressor
4031436767419354045,2013,17,2,Free vibration of centrifugally stiffened axially functionally graded tapered Timoshenko beams using differential transformation and quadrature methods
14252252325422146443,2004,528,19,Thermal states of coldest and hottest neutron stars in soft X-ray transients
7523619888707851555,2006,392,12,Physics of strongly magnetized neutron stars
13698435275474187570,2001,324,13,Neutrino emission from neutron stars
12382894766777351745,2005,183,13,Maximum elastic deformations of compact stars with exotic equations of state
12530286172434348052,2008,180,24," Physics of Neutron Star Crusts
12889077477761156157,2005,173,13,Merger of binary neutron stars with realistic equations of state in full general relativity
17706663547718461821,2010,169,9,Astrophysical measurement of the equation of state of neutron star matter
14176821775924700405,2006,156,11,Merger of binary neutron stars to a black hole: Disk mass, short gamma-ray bursts, and quasinormal mode ringing
7046404224414049378,2007,123,15,Neutron star asteroseismology. Axial crust oscillations in the Cowling approximation
4988303252012899818,2006,429,14,The evolution and structure of pulsar wind nebulae
8234319093708081736,2009,978,19,A first course in general relativity
7465967670267718802,1998,916,16,An X-ray pulsar with a superstrong magnetic field in the soft γ-ray repeater SGR1806− 20
1726781833322941114,2001,371,10,Matter in strong magnetic fields
1018059631280519726,2006,372,13,TEMPO2, a new pulsar-timing package–I. An overview
15640659413409527673,1998,351,8,The two-hour orbit of a binary millisecond X-ray pulsar
17339956378806024743,2006,295,6,Physics of the pulsar magnetosphere
10043126389279166895,2003,262,7,A major soft gamma repeater-like outburst and rotation glitch in the no-longer-so-anomalous X-ray pulsar 1E 2259+ 586
12212446990508947724,1993,253,7,Soft X-ray properties of the Geminga pulsar
16035431959193788822,2006,1481,13,Astrophysical formulae
17422429966497498923,1998,1464,2,Review of particle physics
12668193090152497843,1999,714,7,Neutron star mass measurements. i. radio pulsars
7613159691522770606,2005,1861,12,The PHOBOS perspective on discoveries at RHIC
12768061253519059968,2003,874,11,Diquarks and exotic spectroscopy
4972411236390059099,2002,807,9,Lattice determination of the critical point of QCD at finite T and μ
6454873221542372808,2005,765,13,NJL-model analysis of dense quark matter
4574628090563433035,2004,749,7,Critical point of QCD at finite T and?, lattice results for physical quark masses
3055439883923472428,2001,630,7,Color superconducting quark matter
11881992852684674720,2004,530,12,Inhomogeneous superconductivity in condensed matter and QCD
16343626605852030277,2003,479,16,The confinement problem in lattice gauge theory
14969226737121912670,2004,468,10,The quark–gluon plasma in equilibrium
7859327031530021263,2002,396,11,The international laser ranging service
15045578858232997570,2011,294,19,Gravity Probe B: Final results of a space experiment to test general relativity
2218048201106332066,2008,178,14,A massive binary black-hole system in OJ 287 and a test of general relativity
1061468548269916276,2010,110,17,Bose-Einstein condensation in microgravity
13215100266514055936,2008,71,12,Effects of Chern-Simons gravity on bodies orbiting the Earth
12574343344676974207,2008,138,11,BlackMax: A black-hole event generator with rotation, recoil, split branes, and brane tension
4383470924987344402,2011,93,48,Search for microscopic black hole signatures at the Large Hadron Collider
5533162518382321710,2012,80,14,Physics searches at the LHC
1914276242944783348,2007,73,13,Catfish: A Monte Carlo simulator for black holes at the LHC
15064378430661290294,2009,71,8,Phenomenology of production and decay of spinning extra-dimensional black holes at hadron colliders
11467564518768024719,2009,65,6,Black holes at the large Hadron collider
9937027987546464279,2007,51,9,Thermodynamics and evaporation of the noncommutative black hole
8068348184121730494,2006,42,10,TeV mini black hole decay at future colliders
10403522792371844248,2012,177,15,Modified Newtonian Dynamics (MOND): Observational Phenomenology and Relativistic Extensions
1021155519663545303,2011,13,12,Modifying gravity: you cannot always get what you want
9247970763895334593,2007,475,23,Theory of core-collapse supernovae
13332059783163090430,1999,357,7,Pulsars as astrophysical laboratories for nuclear and particle physics
1781074312591718112,2005,245,8,Quark-gluon plasma: From big bang to little bang
3448991681934097949,2006,217,8,Kaon production in heavy ion reactions at intermediate energies
14439529360546740299,2006,216,10,The cooling of compact stars
16981995087189805811,2011,169,17,General introduction
14919005227561698879,2006,147,10,Dense matter in compact stars: Theoretical developments and observational constraints
13135922481956327982,2008,138,13,Signals of the QCD phase transition in core-collapse supernovae
1520221544868414828,2004,127,9,Robust and objective decomposition and mapping of bifurcating vessels
1578386920730739669,2006,33,8,Two-dimensional dynamic simulation of platelet activation during mechanical heart valve closure
13021836177231904742,2008,23,5,Eccentric stenosis of the carotid artery associated with ipsilateral cerebrovascular events
8432725692877513322,2012,24,7,A numerical investigation of blood damage in the hinge area of aortic bileaflet mechanical heart valves during the leakage phase
6824070006173122223,2005,22,6,Real-time numerical simulation of Doppler ultrasound in the presence of nonaxial flow
12347796834228741761,2010,23,5,Flow patterns in carotid bifurcation models using pulsed Doppler ultrasound: effect of concentric vs. eccentric stenosis on turbulence and recirculation
1581428361410188368,2009,18,5,Effect of particle collisions and aggregation on red blood cell passage through a bifurcation
3553159552889119218,2011,18,10,Numerical investigation of the effects of channel geometry on platelet activation and blood damage
10493932413019615287,2013,18,11,Evaluation of shear-induced platelet activation models under constant and dynamic shear stress loading conditions relevant to devices
4981997925325353253,2009,16,21,Two-dimensional simulation of flow and platelet dynamics in the hinge region of a mechanical heart valve
7957284968650006405,2005,99,11,Gravastars must have anisotropic pressures
7516285776858799792,2004,93,10,Spherically symmetric dissipative anisotropic fluids: A general study
5933571632504466848,1997,79,4,Gravitational collapse with non-vanishing tangential stresses: a generalization of the Tolman-Bondi model
6874065522025628647,2003,78,11,Anisotropic stars in general relativity
2809753056515347922,2007,75,13,Nonadiabatic charged spherical gravitational collapse
9661692707580945775,2002,69,7,Anisotropic stars: Exact solutions
4216100217625960535,2003,66,14,Magnetic collapse of a neutron gas: Can magnetars indeed be formed?
183647538957120544,1998,59,9,Gravitational collapse with non-vanishing tangential stresses: II. A laboratory for cosmic censorship experiments
17575508041141773468,2000,57,6,Radiating gravitational collapse with shear viscosity
15182065369793126241,2003,50,10,Anisotropic stars II: stability
7821496288852026451,2012,323,11,Resolving the ghost problem in nonlinear massive gravity
11434140278492971041,2012,248,8,Bimetric gravity from ghost-free massive gravity
4071611376094272148,2012,196,10,Confirmation of the secondary constraint and absence of ghost in massive gravity and bimetric gravity
2691097547876286362,2012,179,9,Ghost-free massive gravity with a general reference metric
10476647369678434043,2012,116,8,Interacting spin-2 fields
13129276937949405462,2012,112,7,Cosmological solutions with massive gravitons in the bigravity theory
7069277903127733924,2011,102,7,Helicity decomposition of ghost-free massive gravity
9614066418907673983,2014,110,23," Massive Gravity
17856029854202027880,2013,102,13,Acausality of massive gravity
894448455373440058,2012,96,12,FRW cosmology in ghost free massive gravity from bigravity
3974779884878757345,2013,27,19,“RadioAstron”-A telescope with a size of 300 000 km: Main parameters and first observational results
18427006048585564535,2013,8,9,Micro-arcsecond radio astrometry
12345625161154958630,2012,6,6,GETEMME—a mission to explore the Martian satellites and the fundamentals of solar system physics
10328967871989623713,2014,4,5,Direct VLBI Observations of Global Navigation Satellite System Signals
8549532784180010675,2014,3,2,The flyby anomaly: A case for strong gravitomagnetism?
12802870883905806190,2014,3,4,Precise station positions from VLBI observations to satellites: a simulation study
13881127880090126100,2014,2,2,Light propagation in the field of a moving axisymmetric body: Theory and applications to the Juno mission
10801085198763508494,2014,1,10,Observations and analysis of phase scintillation of spacecraft signal on the interplanetary plasma
14917868912170262457,2013,1,7,“РАДИОАСТРОН”––ТЕЛЕСКОП РАЗМЕРОМ 300000 км: ОСНОВНЫЕ ПАРАМЕТРЫ И ПЕРВЫЕ РЕЗУЛЬТАТЫ НАБЛЮДЕНИЙ
1902137332501800167,2011,279,9,Introduction to holographic superconductors
13062102170624238028,2010,109,11,Holographic Superconductors with various condensates in Einstein-Gauss-Bonnet gravity
8065762986997171514,2010,96,9,Analytic calculation of properties of holographic superconductors
2995562654124781222,2010,87,8,Analytic holographic superconductor
12675685197796475846,2010,77,9,Holographic superconductors in 3+ 1 dimensions away from the probe limit
16595165662140786000,2010,67,8,General holographic superconductor models with Gauss–Bonnet corrections
13339767798224857347,2006,1063,23,X-ray properties of black-hole binaries
2225586654688127777,2004,743,17,Towards a unified model for black hole X-ray binary jets
17934671939856634697,2003,585,14,A universal radio–X-ray correlation in low/hard state black hole binaries
8532026874382017919,2004,313,16,GRS 1915+ 105 and the disc-jet coupling in accreting black hole systems
315012134326387906,2000,301,10,Coupling of the X-ray and radio emission in the black hole candidate a nd compact jet source GX 339-4
18379740062211767332,2001,282,4,Discovery of a 450 HZ quasi-periodic oscillation from the microquasar GRO J1655–40 with the Rossi X-Ray Timing Explorer
17395840736928565568,2004,254,21,Combined long and short time-scale X-ray variability of NGC 4051 with RXTE and XMM—Newton
12506740111156436510,2005,767,16,Evolution of binary black hole spacetimes
2198438833985681034,2009,431,11,Quasinormal modes of black holes and black branes
2765699442245646326,2006,226,12,Binary black hole merger dynamics and waveforms
9359390528129134967,2012,208,10,General relativity
16009208717821730930,2005,192,16,Using gravitational-wave standard sirens
2417271021909206412,2008,164,12,Accurate evolutions of inspiralling neutron-star binaries: Prompt and delayed collapse to a black hole
14726704015163830622,2012,88,10,The 6dF Galaxy Survey: z≈ 0 measurements of the growth rate and σ8
2968585351604642631,2013,78,11,The clustering of galaxies in the SDSS-III DR9 Baryon Oscillation Spectroscopic Survey: testing deviations from Λ and general relativity using anisotropic clustering of  …
2649044304187352025,2013,68,6,Accelerated expansion from ghost-free bigravity: a statistical analysis with improved generality
2483565233557800867,2013,64,6,The parameterized post-Friedmann framework for theories of modified gravity: Concepts, formalism, and examples
17148761008277413598,2011,64,12,Testing gravity with CAMB and CosmoMC
15630820383328794597,2012,18,14,Fab Four: When John and George play gravitation and cosmology
14683515935476473877,2014,12,2,Constraints on modified Newtonian dynamics theories from radio tracking data of the Cassini spacecraft
8651097843739099737,2014,10,8,Constraining the Preferred-Frame α1, α2 parameters from Solar System planetary precessions
9965735584661151964,2013,10,10,Exact expressions for the pericenter precession caused by some Dark Matter distributions and constraints on them from orbital motions in the Solar System, in  …
13723469480400857446,2014,8,7,Time transfer functions as a way to validate light propagation solutions for space astrometry
9152196611731757515,2013,8,7,Intrinsic Solar System decoupling of a scalar-tensor theory with a universal coupling between the scalar field and the matter Lagrangian
16620614257798945015,2014,8,6,Relativistic formulation of coordinate light time, Doppler, and astrometric observables up to the second post-Minkowskian order
11276781759269367237,2014,7,5,Modified theories of gravity with nonminimal coupling and orbital particle dynamics
12232533058009194091,1990,1593,13,Stellar structure and evolution
723553594858089465,2004,617,7,Abundance variations within globular clusters
13894995695484718550,2000,574,14,Gravitational wave experiments and early universe cosmology
2767914078314292465,2006,354,13,General relativistic magnetohydrodynamic simulations of the jet formation and large-scale propagation from black hole accretion systems
1200628631498307868,2002,275,18,Relativistic simulations of rotational core collapse II. Collapse dynamics and gravitational radiation
12547892264819166062,2010,244,9,Achieving better than 1 minute accuracy in the Heliocentric and Barycentric Julian Dates
2676465114044816064,1990,182,8,Energy distribution in Kerr-Newman spacetime in Einstein's as well as Møller's prescriptions
3943040040274974626,1995,110,11,Energy and momentum of cylindrical gravitational waves-II
7454239704085971853,1993,101,4,Gravitational energy of a stringy charged black hole
10560564852665353541,1995,99,10,A radiating dyon solution
5934177154026985203,2013,43,7,Extended phase space thermodynamics and PV criticality of black holes with a nonlinear source
11925753686537329651,2009,36,8,Topological black holes in Gauss–Bonnet gravity with conformally invariant Maxwell source
13246078620089878466,2010,34,8,The relation between F (R) gravity and Einstein-conformally invariant Maxwell source
10016184481343284530,2012,32,6,Ehrenfest's scheme and thermodynamic geometry in Born-Infeld AdS black holes
9150632139859632510,2011,33,10,Holographic superconductors with Power-Maxwell field
3176712376745144849,2010,29,9,Thermodynamics of rotating black branes in Gauss–Bonnet–nonlinear Maxwell gravity
16567631213866338548,2011,28,11,Conserved charges for black holes in Einstein-Gauss-Bonnet gravity coupled to nonlinear electrodynamics in AdS space
14786987973397796782,2010,25,9,Black holes without mass and entropy in Lovelock gravity
12971829007153688486,2012,23,7,Asymptotic charged BTZ black hole solutions
11358946502660807947,2007,436,12,Conditions for the cosmological viability of f (R) dark energy models
8973437440562846000,2008,227,8,Observational signatures of f (R) dark energy models that satisfy cosmological and local gravity constraints
529034767791135344,2008,201,11,Pattern of growth in viable f (R) cosmologies
14077338341669762529,2008,169,8,Phantom crossing, equation-of-state singularities, and local gravity constraints in f (R) models
12640463559072082729,2007,136,7,Phantom scalar dark energy as modified gravity: Understanding the origin of the Big Rip singularity
15491334362032130000,2007,123,14,Spherically symmetric solutions in f (R) gravity via the Noether symmetry approach
4578092975463568086,2007,98,10,f (R) gravity theories in Palatini formalism: Cosmological dynamics and observational constraints
17544005210728405286,2008,290,20,Observations of extended radio emission in clusters
5914776754615966369,2010,149,19,Particle acceleration on megaparsec scales in a merging galaxy cluster
9109308223031685043,2010,143,23,What is a cool-core cluster? a detailed analysis of the cores of the X-ray flux-limited HIFLUGCS cluster sample
16228381257532770183,2012,145,8,Clusters of galaxies: observational properties of the diffuse radio emission
5664745992194116107,2008,138,16,Simulating cosmic rays in clusters of galaxies–II. A unified scheme for radio haloes and relics with predictions of the γ-ray emission
14840943941366168297,2007,123,5,GMRT radio halo survey in galaxy clusters at z= 0.2–0.4-I. The REFLEX sub-sample
14888505342501335142,2009,117,10,Turbulent motions and shocks waves in galaxy clusters simulated with adaptive mesh refinement
17154484896621281009,2007,107,9,Gamma rays from clusters of galaxies
6244286835266543395,2011,82,17,Cosmic ray transport in galaxy clusters: implications for radio halos, gamma-ray signatures, and cool core heating
1629348160733868999,2009,228,34,A population of gamma-ray millisecond pulsars seen with the Fermi Large Area Telescope
13073142982736751178,2010,205,6,An introduction to radio astronomy
17257925569895784732,2010,197,17,The International Pulsar Timing Array project: using pulsars as a gravitational wave detector
14601288755087012300,2007,189,6,The progenitors of short gamma-ray bursts
6690425323743152769,2013,192,6,The nuclear equation of state and neutron star masses
15050974783860344922,2010,53,4,A review of constitutive models for rubber-like materials
6596190141828579138,2011,44,8,Viscoelastic behavior of rubbery materials
7303780729285924697,2010,37,4,Analysis of the isotropic models of the Mullins effect based on filled silicone rubber experimental results
15511622699249959182,2009,29,4,A new characterisation method for rubber
15412659898365287189,2011,30,3,Uniaxial and biaxial mechanical properties of ETFE foils
17022257062824818065,2010,24,3,Shear modulus estimation of the polymer polydimethylsiloxane (PDMS) using digital image correlation
1357606243983988065,2011,21,5,Stiffening by fiber reinforcement in soft materials: a hyperelastic theory at large strains and its application
9420845092828709924,2009,20,2,Mullins effect characterization of elastomers by multi-axial cyclic tests and optical experimental methods
1572624329209321972,2010,16,4,Elastic characterization of membranes with a complex shape using point indentation measurements and inverse modelling
11161933410172260719,2011,14,4,Mechanical characterization of hyperelastic polydimethylsiloxane by simple shear test
12042749113390204757,2009,204,10,Warped AdS3 black holes
3216943222874594773,2011,136,12,Critical gravity in four dimensions
675256608709088678,2010,137,12,Chiral gravity, log gravity, and extremal CFT
2348864222860221129,2009,136,12,Cosmological topologically massive gravitons and photons
15112274262534192321,2008,109,9,Topologically massive AdS gravity
473520975900017237,2009,93,13,Topologically massive gravity and the AdS/CFT correspondence
16222441954629001294,2009,92,9,Note on new massive gravity in AdS3
16354727003489147998,2009,90,13,Semi-classical central charge in topologically massive gravity
12502226072596032184,1999,365,12,Experiments on ladders reveal a complex interplay between a spin-gapped normal state and superconductivity
10628934604939948549,2007,217,9,Unified first law and the thermodynamics of the apparent horizon in the FRW universe
6846535961174520040,2009,161,12,Hawking radiation of an apparent horizon in a FRW universe
13288629667892293912,1999,150,9,Dynamic black-hole entropy
8671103433404783287,2007,139,5,Thermodynamics of apparent horizon in brane world scenario
4563211468289258190,2008,106,10,Corrected entropy-area relation and modified Friedmann equations
12312033580823433693,2007,95,9,On the Hawking radiation as tunneling for a class of dynamical black holes
2813751098548828197,2011,91,12,Generalizations of teleparallel gravity and local Lorentz symmetry
12987643570012757174,2010,368,8,Dark energy: theory and observations
751796285961630884,2011,172,10,Dark energy: investigation and modeling
5261154294103263125,2009,66,10,Ratio of shear viscosity to entropy density in generalized theories of gravity
2201799008000735189,2008,54,11,(Un) attractor black holes in higher derivative AdS gravity
16927833647185851638,2009,50,9,A comment on Kerr–CFT and Wald entropy
8348503768996874137,2010,41,7,Classification of six derivative Lagrangians of gravity and static spherically symmetric solutions
16736769835102109818,2008,32,12,Thin-shell wormholes in Brans–Dicke gravity
